{
    "packages": [
        {
            "name": "stripe/stripe-php",
            "version": "v9.0.0",
            "version_normalized": "9.0.0.0",
            "source": {
                "type": "git",
                "url": "https://github.com/stripe/stripe-php.git",
                "reference": "e405c178c2167f568e654296ad6b20eb461761b5"
            },
            "dist": {
                "type": "zip",
                "url": "https://api.github.com/repos/stripe/stripe-php/zipball/e405c178c2167f568e654296ad6b20eb461761b5",
                "reference": "e405c178c2167f568e654296ad6b20eb461761b5",
                "shasum": ""
            },
            "require": {
                "ext-curl": "*",
                "ext-json": "*",
                "ext-mbstring": "*",
                "php": ">=5.6.0"
            },
            "require-dev": {
                "friendsofphp/php-cs-fixer": "3.5.0",
                "phpstan/phpstan": "^1.2",
                "phpunit/phpunit": "^5.7 || ^9.0",
                "squizlabs/php_codesniffer": "^3.3"
            },
            "time": "2022-08-02T15:47:44+00:00",
            "type": "library",
            "extra": {
                "branch-alias": {
                    "dev-master": "2.0-dev"
                }
            },
            "installation-source": "dist",
            "autoload": {
                "psr-4": {
                    "Stripe\\": "lib/"
                }
            },
            "notification-url": "https://packagist.org/downloads/",
            "license": [
                "MIT"
            ],
            "authors": [
                {
                    "name": "Stripe and contributors",
                    "homepage": "https://github.com/stripe/stripe-php/contributors"
                }
            ],
            "description": "Stripe PHP Library",
            "homepage": "https://stripe.com/",
            "keywords": [
                "api",
                "payment processing",
                "stripe"
            ],
            "support": {
                "issues": "https://github.com/stripe/stripe-php/issues",
                "source": "https://github.com/stripe/stripe-php/tree/v9.0.0"
            },
            "install-path": "../stripe/stripe-php"
        }
    ],
    "dev": true,
    "dev-package-names": []
}
